state,herbicide,week,usage,indicator
Nebraska,"2,4-D",1,0.0,-0.0
Nebraska,"2,4-D",2,0.0,-0.0
Nebraska,"2,4-D",3,0.0,-0.0
Nebraska,"2,4-D",4,0.0,-0.0
Nebraska,"2,4-D",5,0.0,-0.0
Nebraska,"2,4-D",6,0.0,-0.0
Nebraska,"2,4-D",7,0.0,-0.0
Nebraska,"2,4-D",8,0.0,-0.0
Nebraska,"2,4-D",9,0.0,-0.0
Nebraska,"2,4-D",10,0.0,-0.0
Nebraska,"2,4-D",11,0.0,-0.0
Nebraska,"2,4-D",12,0.0,-0.0
Nebraska,"2,4-D",13,0.0,-0.0
Nebraska,"2,4-D",14,0.0,-0.0
Nebraska,"2,4-D",15,0.0,-0.0
Nebraska,"2,4-D",16,0.0,-0.0
Nebraska,"2,4-D",17,0.0,-0.0
Nebraska,"2,4-D",18,0.0,-0.0
Nebraska,"2,4-D",19,0.0,-0.0
Nebraska,"2,4-D",20,0.0,-0.0
Nebraska,"2,4-D",21,0.0,-0.0
Nebraska,"2,4-D",22,0.0,-0.0
Nebraska,"2,4-D",23,0.0,-0.0
Nebraska,"2,4-D",24,0.0,-0.0
Nebraska,"2,4-D",25,0.0,-0.0
Nebraska,"2,4-D",26,0.0,-0.0
Nebraska,"2,4-D",27,0.0,-0.0
Nebraska,"2,4-D",28,0.0,-0.0
Nebraska,ALACHLOR,1,0.0,-0.0
Nebraska,ALACHLOR,2,0.0,-0.0
Nebraska,ALACHLOR,3,0.0,-0.0
Nebraska,ALACHLOR,4,0.0,-0.0
Nebraska,ALACHLOR,5,0.0,-0.0
Nebraska,ALACHLOR,6,0.0,-0.0
Nebraska,ALACHLOR,7,0.0,-0.0
Nebraska,ALACHLOR,8,0.0,-0.0
Nebraska,ALACHLOR,9,0.0,-0.0
Nebraska,ALACHLOR,10,0.0,-0.0
Nebraska,ALACHLOR,11,0.0,-0.0
Nebraska,ALACHLOR,12,0.0,-0.0
Nebraska,ALACHLOR,13,0.0,-0.0
Nebraska,ALACHLOR,14,0.0,0.0
Nebraska,ALACHLOR,15,0.0,0.0
Nebraska,ALACHLOR,16,0.0,0.0
Nebraska,ALACHLOR,17,0.0,0.0
Nebraska,ALACHLOR,18,0.0,0.0
Nebraska,ALACHLOR,19,0.0,0.0
Nebraska,ALACHLOR,20,0.0,0.0
Nebraska,ALACHLOR,21,0.0,0.0
Nebraska,ALACHLOR,22,0.0,0.0
Nebraska,ALACHLOR,23,0.0,0.0
Nebraska,ALACHLOR,24,0.0,0.0
Nebraska,ALACHLOR,25,0.0,0.0
Nebraska,ALACHLOR,26,0.0,0.0
Nebraska,ALACHLOR,27,0.0,0.0
Nebraska,ALACHLOR,28,0.0,0.0
Nebraska,ATRAZINE,1,0.0,-0.0
Nebraska,ATRAZINE,2,0.0,-0.0
Nebraska,ATRAZINE,3,0.0,-0.0
Nebraska,ATRAZINE,4,0.0,-0.0
Nebraska,ATRAZINE,5,0.0,-0.0
Nebraska,ATRAZINE,6,0.0,-0.0
Nebraska,ATRAZINE,7,0.0,-0.0
Nebraska,ATRAZINE,8,0.0,-0.0
Nebraska,ATRAZINE,9,0.0,-0.0
Nebraska,ATRAZINE,10,0.0,-0.0
Nebraska,ATRAZINE,11,0.0,-0.0
Nebraska,ATRAZINE,12,0.0,-0.0
Nebraska,ATRAZINE,13,0.0,-0.0
Nebraska,ATRAZINE,14,0.0,-0.0
Nebraska,ATRAZINE,15,0.0,-0.0
Nebraska,ATRAZINE,16,0.0,-0.0
Nebraska,ATRAZINE,17,0.0,-0.0
Nebraska,ATRAZINE,18,0.0,-0.0
Nebraska,ATRAZINE,19,0.0,-0.0
Nebraska,ATRAZINE,20,0.0,-0.0
Nebraska,ATRAZINE,21,0.0,-0.0
Nebraska,ATRAZINE,22,0.0,-0.0
Nebraska,ATRAZINE,23,0.0,-0.0
Nebraska,ATRAZINE,24,0.0,-0.0
Nebraska,ATRAZINE,25,0.0,-0.0
Nebraska,ATRAZINE,26,0.0,-0.0
Nebraska,ATRAZINE,27,0.0,-0.0
Nebraska,ATRAZINE,28,0.0,-0.0
Nebraska,BROMOXYNIL,1,0.0,0.0
Nebraska,BROMOXYNIL,2,0.0,-0.0
Nebraska,BROMOXYNIL,3,0.0,-0.0
Nebraska,BROMOXYNIL,4,0.0,-0.0
Nebraska,BROMOXYNIL,5,0.0,-0.0
Nebraska,BROMOXYNIL,6,0.0,-0.0
Nebraska,BROMOXYNIL,7,0.0,-0.0
Nebraska,BROMOXYNIL,8,0.0,-0.0
Nebraska,BROMOXYNIL,9,0.0,0.0
Nebraska,BROMOXYNIL,10,0.0,0.0
Nebraska,BROMOXYNIL,11,1e-05,1.0
Nebraska,BROMOXYNIL,12,0.0,0.0
Nebraska,BROMOXYNIL,13,0.39999,1.0
Nebraska,BROMOXYNIL,14,0.0,0.0
Nebraska,BROMOXYNIL,15,0.0,0.0
Nebraska,BROMOXYNIL,16,0.0,0.0
Nebraska,BROMOXYNIL,17,0.0,0.0
Nebraska,BROMOXYNIL,18,0.0,0.0
Nebraska,BROMOXYNIL,19,0.0,0.0
Nebraska,BROMOXYNIL,20,0.0,0.0
Nebraska,BROMOXYNIL,21,0.0,0.0
Nebraska,BROMOXYNIL,22,0.0,0.0
Nebraska,BROMOXYNIL,23,0.0,0.0
Nebraska,BROMOXYNIL,24,0.0,0.0
Nebraska,BROMOXYNIL,25,0.0,0.0
Nebraska,BROMOXYNIL,26,0.0,-0.0
Nebraska,BROMOXYNIL,27,0.0,-0.0
Nebraska,BROMOXYNIL,28,0.0,0.0
Nebraska,DICAMBA,1,0.0,-0.0
Nebraska,DICAMBA,2,0.0,-0.0
Nebraska,DICAMBA,3,0.0,-0.0
Nebraska,DICAMBA,4,2.220446049250313e-16,-0.0
Nebraska,DICAMBA,5,0.0,-0.0
Nebraska,DICAMBA,6,0.5059999999999998,1.0
Nebraska,DICAMBA,7,0.0,-0.0
Nebraska,DICAMBA,8,0.0,-0.0
Nebraska,DICAMBA,9,0.0,-0.0
Nebraska,DICAMBA,10,0.0,-0.0
Nebraska,DICAMBA,11,0.0,-0.0
Nebraska,DICAMBA,12,0.0,-0.0
Nebraska,DICAMBA,13,0.0,-0.0
Nebraska,DICAMBA,14,0.0,-0.0
Nebraska,DICAMBA,15,0.0,-0.0
Nebraska,DICAMBA,16,0.0,0.0
Nebraska,DICAMBA,17,0.0,0.0
Nebraska,DICAMBA,18,0.0,0.0
Nebraska,DICAMBA,19,0.0,0.0
Nebraska,DICAMBA,20,0.0,0.0
Nebraska,DICAMBA,21,0.0,0.0
Nebraska,DICAMBA,22,0.0,0.0
Nebraska,DICAMBA,23,0.0,0.0
Nebraska,DICAMBA,24,0.0,0.0
Nebraska,DICAMBA,25,0.0,0.0
Nebraska,DICAMBA,26,0.0,0.0
Nebraska,DICAMBA,27,0.0,0.0
Nebraska,DICAMBA,28,0.0,0.0
Nebraska,DIFLUFENZOPYR,1,0.0,0.0
Nebraska,DIFLUFENZOPYR,2,0.0,0.0
Nebraska,DIFLUFENZOPYR,3,0.0,0.0
Nebraska,DIFLUFENZOPYR,4,0.0,0.0
Nebraska,DIFLUFENZOPYR,5,0.0,0.0
Nebraska,DIFLUFENZOPYR,6,0.0,0.0
Nebraska,DIFLUFENZOPYR,7,0.0,0.0
Nebraska,DIFLUFENZOPYR,8,0.0,0.0
Nebraska,DIFLUFENZOPYR,9,0.0,0.0
Nebraska,DIFLUFENZOPYR,10,0.0,0.0
Nebraska,DIFLUFENZOPYR,11,0.0,0.0
Nebraska,DIFLUFENZOPYR,12,0.0,0.0
Nebraska,DIFLUFENZOPYR,13,0.0,0.0
Nebraska,DIFLUFENZOPYR,14,0.0,0.0
Nebraska,DIFLUFENZOPYR,15,0.0,0.0
Nebraska,DIFLUFENZOPYR,16,0.0,0.0
Nebraska,DIFLUFENZOPYR,17,0.0,0.0
Nebraska,DIFLUFENZOPYR,18,0.0,0.0
Nebraska,DIFLUFENZOPYR,19,0.0,0.0
Nebraska,DIFLUFENZOPYR,20,0.0,0.0
Nebraska,DIFLUFENZOPYR,21,0.0,0.0
Nebraska,DIFLUFENZOPYR,22,0.0,0.0
Nebraska,DIFLUFENZOPYR,23,0.0,0.0
Nebraska,DIFLUFENZOPYR,24,0.0,0.0
Nebraska,DIFLUFENZOPYR,25,0.0,0.0
Nebraska,DIFLUFENZOPYR,26,0.0,0.0
Nebraska,DIFLUFENZOPYR,27,0.0,0.0
Nebraska,DIFLUFENZOPYR,28,0.0,0.0
Nebraska,EPTC,1,0.0,-0.0
Nebraska,EPTC,2,0.0,-0.0
Nebraska,EPTC,3,0.0,-0.0
Nebraska,EPTC,4,0.0,-0.0
Nebraska,EPTC,5,0.0,-0.0
Nebraska,EPTC,6,0.0,-0.0
Nebraska,EPTC,7,0.0,-0.0
Nebraska,EPTC,8,0.0,-0.0
Nebraska,EPTC,9,0.0,-0.0
Nebraska,EPTC,10,0.0,-0.0
Nebraska,EPTC,11,0.0,-0.0
Nebraska,EPTC,12,0.0,-0.0
Nebraska,EPTC,13,0.0,-0.0
Nebraska,EPTC,14,0.0,-0.0
Nebraska,EPTC,15,0.0,-0.0
Nebraska,EPTC,16,0.0,-0.0
Nebraska,EPTC,17,0.0,-0.0
Nebraska,EPTC,18,0.0,-0.0
Nebraska,EPTC,19,0.0,-0.0
Nebraska,EPTC,20,0.0,-0.0
Nebraska,EPTC,21,0.0,-0.0
Nebraska,EPTC,22,0.0,-0.0
Nebraska,EPTC,23,0.0,-0.0
Nebraska,EPTC,24,0.0,-0.0
Nebraska,EPTC,25,0.0,-0.0
Nebraska,EPTC,26,0.0,-0.0
Nebraska,EPTC,27,0.0,-0.0
Nebraska,EPTC,28,0.0,-0.0
Nebraska,FORAMSULFURON,1,0.0,-0.0
Nebraska,FORAMSULFURON,2,0.0,-0.0
Nebraska,FORAMSULFURON,3,0.0,-0.0
Nebraska,FORAMSULFURON,4,0.0,-0.0
Nebraska,FORAMSULFURON,5,0.0,-0.0
Nebraska,FORAMSULFURON,6,0.0,-0.0
Nebraska,FORAMSULFURON,7,0.0,-0.0
Nebraska,FORAMSULFURON,8,0.0,-0.0
Nebraska,FORAMSULFURON,9,0.0,0.0
Nebraska,FORAMSULFURON,10,0.0,0.0
Nebraska,FORAMSULFURON,11,0.0,0.0
Nebraska,FORAMSULFURON,12,0.0,0.0
Nebraska,FORAMSULFURON,13,0.0,0.0
Nebraska,FORAMSULFURON,14,0.0,0.0
Nebraska,FORAMSULFURON,15,0.0,0.0
Nebraska,FORAMSULFURON,16,0.0,0.0
Nebraska,FORAMSULFURON,17,0.0,0.0
Nebraska,FORAMSULFURON,18,0.0,0.0
Nebraska,FORAMSULFURON,19,0.0,0.0
Nebraska,FORAMSULFURON,20,0.0,0.0
Nebraska,FORAMSULFURON,21,0.0,0.0
Nebraska,FORAMSULFURON,22,0.0,0.0
Nebraska,FORAMSULFURON,23,0.0,0.0
Nebraska,FORAMSULFURON,24,0.0,0.0
Nebraska,FORAMSULFURON,25,0.0,0.0
Nebraska,FORAMSULFURON,26,0.0,0.0
Nebraska,FORAMSULFURON,27,0.0,0.0
Nebraska,FORAMSULFURON,28,0.0,0.0
Nebraska,GLYPHOSATE,1,0.0,-0.0
Nebraska,GLYPHOSATE,2,0.0,-0.0
Nebraska,GLYPHOSATE,3,0.0,-0.0
Nebraska,GLYPHOSATE,4,0.0,-0.0
Nebraska,GLYPHOSATE,5,0.0,-0.0
Nebraska,GLYPHOSATE,6,0.0,-0.0
Nebraska,GLYPHOSATE,7,0.0,-0.0
Nebraska,GLYPHOSATE,8,0.0,-0.0
Nebraska,GLYPHOSATE,9,0.0,-0.0
Nebraska,GLYPHOSATE,10,0.0,-0.0
Nebraska,GLYPHOSATE,11,0.0,-0.0
Nebraska,GLYPHOSATE,12,0.0,-0.0
Nebraska,GLYPHOSATE,13,0.0,-0.0
Nebraska,GLYPHOSATE,14,0.0,-0.0
Nebraska,GLYPHOSATE,15,0.0,-0.0
Nebraska,GLYPHOSATE,16,0.0,-0.0
Nebraska,GLYPHOSATE,17,0.0,-0.0
Nebraska,GLYPHOSATE,18,0.0,-0.0
Nebraska,GLYPHOSATE,19,0.0,0.0
Nebraska,GLYPHOSATE,20,0.0,0.0
Nebraska,GLYPHOSATE,21,0.0,0.0
Nebraska,GLYPHOSATE,22,0.0,0.0
Nebraska,GLYPHOSATE,23,0.0,0.0
Nebraska,GLYPHOSATE,24,0.0,0.0
Nebraska,GLYPHOSATE,25,0.0,0.0
Nebraska,GLYPHOSATE,26,0.0,0.0
Nebraska,GLYPHOSATE,27,0.0,0.0
Nebraska,GLYPHOSATE,28,0.0,0.0
Nebraska,HALOSULFURON,1,0.0,-0.0
Nebraska,HALOSULFURON,2,0.0,-0.0
Nebraska,HALOSULFURON,3,0.0,-0.0
Nebraska,HALOSULFURON,4,0.0,-0.0
Nebraska,HALOSULFURON,5,0.0,-0.0
Nebraska,HALOSULFURON,6,0.0,-0.0
Nebraska,HALOSULFURON,7,0.0,-0.0
Nebraska,HALOSULFURON,8,0.0,-0.0
Nebraska,HALOSULFURON,9,0.0,-0.0
Nebraska,HALOSULFURON,10,0.0,-0.0
Nebraska,HALOSULFURON,11,0.0,-0.0
Nebraska,HALOSULFURON,12,0.0,-0.0
Nebraska,HALOSULFURON,13,0.0,-0.0
Nebraska,HALOSULFURON,14,0.0,-0.0
Nebraska,HALOSULFURON,15,0.0,-0.0
Nebraska,HALOSULFURON,16,0.0,-0.0
Nebraska,HALOSULFURON,17,0.0,-0.0
Nebraska,HALOSULFURON,18,0.0,-0.0
Nebraska,HALOSULFURON,19,0.0,-0.0
Nebraska,HALOSULFURON,20,0.0,-0.0
Nebraska,HALOSULFURON,21,0.0,-0.0
Nebraska,HALOSULFURON,22,0.0,-0.0
Nebraska,HALOSULFURON,23,0.0,-0.0
Nebraska,HALOSULFURON,24,0.0,-0.0
Nebraska,HALOSULFURON,25,0.0,-0.0
Nebraska,HALOSULFURON,26,0.0,-0.0
Nebraska,HALOSULFURON,27,0.0,-0.0
Nebraska,HALOSULFURON,28,0.0,-0.0
Nebraska,NICOSULFURON,1,0.0,-0.0
Nebraska,NICOSULFURON,2,0.0,-0.0
Nebraska,NICOSULFURON,3,0.0,-0.0
Nebraska,NICOSULFURON,4,0.0,-0.0
Nebraska,NICOSULFURON,5,0.0,-0.0
Nebraska,NICOSULFURON,6,0.0,-0.0
Nebraska,NICOSULFURON,7,0.0,-0.0
Nebraska,NICOSULFURON,8,0.0,-0.0
Nebraska,NICOSULFURON,9,0.0,-0.0
Nebraska,NICOSULFURON,10,0.0,-0.0
Nebraska,NICOSULFURON,11,0.0,-0.0
Nebraska,NICOSULFURON,12,0.0,-0.0
Nebraska,NICOSULFURON,13,0.0,-0.0
Nebraska,NICOSULFURON,14,0.0,-0.0
Nebraska,NICOSULFURON,15,0.0,-0.0
Nebraska,NICOSULFURON,16,0.0,-0.0
Nebraska,NICOSULFURON,17,0.0,-0.0
Nebraska,NICOSULFURON,18,0.0,-0.0
Nebraska,NICOSULFURON,19,0.0,-0.0
Nebraska,NICOSULFURON,20,0.0,-0.0
Nebraska,NICOSULFURON,21,0.0,-0.0
Nebraska,NICOSULFURON,22,0.0,-0.0
Nebraska,NICOSULFURON,23,0.0,-0.0
Nebraska,NICOSULFURON,24,0.0,-0.0
Nebraska,NICOSULFURON,25,0.0,-0.0
Nebraska,NICOSULFURON,26,0.0,-0.0
Nebraska,NICOSULFURON,27,0.0,-0.0
Nebraska,NICOSULFURON,28,0.0,-0.0
Nebraska,PARAQUAT,1,0.0,-0.0
Nebraska,PARAQUAT,2,0.0,-0.0
Nebraska,PARAQUAT,3,0.0,-0.0
Nebraska,PARAQUAT,4,0.0,0.0
Nebraska,PARAQUAT,5,0.0,0.0
Nebraska,PARAQUAT,6,0.0,0.0
Nebraska,PARAQUAT,7,0.0,0.0
Nebraska,PARAQUAT,8,0.0,0.0
Nebraska,PARAQUAT,9,0.0,-0.0
Nebraska,PARAQUAT,10,0.0,-0.0
Nebraska,PARAQUAT,11,0.0,-0.0
Nebraska,PARAQUAT,12,0.0,-0.0
Nebraska,PARAQUAT,13,0.0,-0.0
Nebraska,PARAQUAT,14,0.0,-0.0
Nebraska,PARAQUAT,15,0.0,-0.0
Nebraska,PARAQUAT,16,0.0,-0.0
Nebraska,PARAQUAT,17,0.0,-0.0
Nebraska,PARAQUAT,18,0.0,-0.0
Nebraska,PARAQUAT,19,0.0,-0.0
Nebraska,PARAQUAT,20,0.0,-0.0
Nebraska,PARAQUAT,21,0.0,-0.0
Nebraska,PARAQUAT,22,0.0,-0.0
Nebraska,PARAQUAT,23,0.0,-0.0
Nebraska,PARAQUAT,24,0.0,-0.0
Nebraska,PARAQUAT,25,0.0,-0.0
Nebraska,PARAQUAT,26,0.0,-0.0
Nebraska,PARAQUAT,27,0.0,-0.0
Nebraska,PARAQUAT,28,0.0,-0.0
Nebraska,PENDIMETHALIN,1,0.0,-0.0
Nebraska,PENDIMETHALIN,2,0.0,-0.0
Nebraska,PENDIMETHALIN,3,0.0,-0.0
Nebraska,PENDIMETHALIN,4,0.0,-0.0
Nebraska,PENDIMETHALIN,5,0.0,-0.0
Nebraska,PENDIMETHALIN,6,0.0,-0.0
Nebraska,PENDIMETHALIN,7,0.0,-0.0
Nebraska,PENDIMETHALIN,8,0.0,-0.0
Nebraska,PENDIMETHALIN,9,0.0,-0.0
Nebraska,PENDIMETHALIN,10,0.0,-0.0
Nebraska,PENDIMETHALIN,11,0.0,-0.0
Nebraska,PENDIMETHALIN,12,0.0,-0.0
Nebraska,PENDIMETHALIN,13,0.0,-0.0
Nebraska,PENDIMETHALIN,14,0.0,-0.0
Nebraska,PENDIMETHALIN,15,0.0,-0.0
Nebraska,PENDIMETHALIN,16,0.0,-0.0
Nebraska,PENDIMETHALIN,17,0.0,-0.0
Nebraska,PENDIMETHALIN,18,0.0,-0.0
Nebraska,PENDIMETHALIN,19,0.0,-0.0
Nebraska,PENDIMETHALIN,20,0.0,-0.0
Nebraska,PENDIMETHALIN,21,0.0,-0.0
Nebraska,PENDIMETHALIN,22,0.0,-0.0
Nebraska,PENDIMETHALIN,23,0.0,-0.0
Nebraska,PENDIMETHALIN,24,0.0,-0.0
Nebraska,PENDIMETHALIN,25,0.0,-0.0
Nebraska,PENDIMETHALIN,26,0.0,-0.0
Nebraska,PENDIMETHALIN,27,0.0,-0.0
Nebraska,PENDIMETHALIN,28,0.0,-0.0
Illinois,"2,4-D",1,0.0,-0.0
Illinois,"2,4-D",2,0.0,-0.0
Illinois,"2,4-D",3,0.0,-0.0
Illinois,"2,4-D",4,0.0,-0.0
Illinois,"2,4-D",5,0.0,-0.0
Illinois,"2,4-D",6,0.0,-0.0
Illinois,"2,4-D",7,0.0,-0.0
Illinois,"2,4-D",8,0.0,-0.0
Illinois,"2,4-D",9,0.0,-0.0
Illinois,"2,4-D",10,0.0,-0.0
Illinois,"2,4-D",11,0.0,-0.0
Illinois,"2,4-D",12,0.0,-0.0
Illinois,"2,4-D",13,0.0,-0.0
Illinois,"2,4-D",14,0.0,-0.0
Illinois,"2,4-D",15,0.0,-0.0
Illinois,"2,4-D",16,0.0,-0.0
Illinois,"2,4-D",17,0.0,-0.0
Illinois,"2,4-D",18,0.0,-0.0
Illinois,"2,4-D",19,2.5725126558316433,1.0
Illinois,"2,4-D",20,0.0,0.0
Illinois,"2,4-D",21,0.0,-0.0
Illinois,"2,4-D",22,0.0,-0.0
Illinois,"2,4-D",23,0.0,-0.0
Illinois,"2,4-D",24,0.0,-0.0
Illinois,"2,4-D",25,0.0,-0.0
Illinois,"2,4-D",26,0.0,-0.0
Illinois,"2,4-D",27,0.0,-0.0
Illinois,"2,4-D",28,0.0,-0.0
Illinois,ALACHLOR,1,0.0,-0.0
Illinois,ALACHLOR,2,0.0,-0.0
Illinois,ALACHLOR,3,0.0,-0.0
Illinois,ALACHLOR,4,0.0,-0.0
Illinois,ALACHLOR,5,0.0,-0.0
Illinois,ALACHLOR,6,0.0,-0.0
Illinois,ALACHLOR,7,0.0,-0.0
Illinois,ALACHLOR,8,0.0,-0.0
Illinois,ALACHLOR,9,0.0,-0.0
Illinois,ALACHLOR,10,0.0,-0.0
Illinois,ALACHLOR,11,0.0,-0.0
Illinois,ALACHLOR,12,0.0,-0.0
Illinois,ALACHLOR,13,0.0,-0.0
Illinois,ALACHLOR,14,0.0,0.0
Illinois,ALACHLOR,15,0.0,0.0
Illinois,ALACHLOR,16,0.0,0.0
Illinois,ALACHLOR,17,0.0,0.0
Illinois,ALACHLOR,18,0.0,0.0
Illinois,ALACHLOR,19,0.0,0.0
Illinois,ALACHLOR,20,0.0,0.0
Illinois,ALACHLOR,21,0.0,0.0
Illinois,ALACHLOR,22,0.0,0.0
Illinois,ALACHLOR,23,0.0,0.0
Illinois,ALACHLOR,24,0.0,0.0
Illinois,ALACHLOR,25,0.0,0.0
Illinois,ALACHLOR,26,0.0,0.0
Illinois,ALACHLOR,27,0.0,0.0
Illinois,ALACHLOR,28,0.0,0.0
Illinois,ATRAZINE,1,0.0,-0.0
Illinois,ATRAZINE,2,0.0,-0.0
Illinois,ATRAZINE,3,0.0,-0.0
Illinois,ATRAZINE,4,0.0,-0.0
Illinois,ATRAZINE,5,0.0,-0.0
Illinois,ATRAZINE,6,0.0,-0.0
Illinois,ATRAZINE,7,0.0,-0.0
Illinois,ATRAZINE,8,0.0,-0.0
Illinois,ATRAZINE,9,0.0,-0.0
Illinois,ATRAZINE,10,0.0,-0.0
Illinois,ATRAZINE,11,0.0,-0.0
Illinois,ATRAZINE,12,0.0,-0.0
Illinois,ATRAZINE,13,0.0,-0.0
Illinois,ATRAZINE,14,0.0,-0.0
Illinois,ATRAZINE,15,0.0,-0.0
Illinois,ATRAZINE,16,0.0,-0.0
Illinois,ATRAZINE,17,0.0,-0.0
Illinois,ATRAZINE,18,0.0,-0.0
Illinois,ATRAZINE,19,0.0,-0.0
Illinois,ATRAZINE,20,0.0,-0.0
Illinois,ATRAZINE,21,0.0,-0.0
Illinois,ATRAZINE,22,0.0,-0.0
Illinois,ATRAZINE,23,0.0,-0.0
Illinois,ATRAZINE,24,0.0,-0.0
Illinois,ATRAZINE,25,0.0,-0.0
Illinois,ATRAZINE,26,0.0,-0.0
Illinois,ATRAZINE,27,0.0,-0.0
Illinois,ATRAZINE,28,0.0,-0.0
Illinois,BROMOXYNIL,1,0.0,0.0
Illinois,BROMOXYNIL,2,0.0,-0.0
Illinois,BROMOXYNIL,3,0.0,-0.0
Illinois,BROMOXYNIL,4,0.0,-0.0
Illinois,BROMOXYNIL,5,0.0,-0.0
Illinois,BROMOXYNIL,6,0.0,-0.0
Illinois,BROMOXYNIL,7,0.0,-0.0
Illinois,BROMOXYNIL,8,0.0,0.0
Illinois,BROMOXYNIL,9,0.0,-0.0
Illinois,BROMOXYNIL,10,0.0,0.0
Illinois,BROMOXYNIL,11,0.39999,1.0
Illinois,BROMOXYNIL,12,1e-05,1.0
Illinois,BROMOXYNIL,13,0.0,0.0
Illinois,BROMOXYNIL,14,0.0,0.0
Illinois,BROMOXYNIL,15,0.0,0.0
Illinois,BROMOXYNIL,16,0.0,0.0
Illinois,BROMOXYNIL,17,0.0,0.0
Illinois,BROMOXYNIL,18,0.0,0.0
Illinois,BROMOXYNIL,19,0.0,0.0
Illinois,BROMOXYNIL,20,0.0,0.0
Illinois,BROMOXYNIL,21,0.0,0.0
Illinois,BROMOXYNIL,22,0.0,0.0
Illinois,BROMOXYNIL,23,0.0,0.0
Illinois,BROMOXYNIL,24,0.0,0.0
Illinois,BROMOXYNIL,25,0.0,0.0
Illinois,BROMOXYNIL,26,0.0,-0.0
Illinois,BROMOXYNIL,27,0.0,-0.0
Illinois,BROMOXYNIL,28,0.0,0.0
Illinois,DICAMBA,1,0.0,-0.0
Illinois,DICAMBA,2,0.0,-0.0
Illinois,DICAMBA,3,0.0,-0.0
Illinois,DICAMBA,4,0.0,-0.0
Illinois,DICAMBA,5,0.0,-0.0
Illinois,DICAMBA,6,0.506,1.0
Illinois,DICAMBA,7,0.0,-0.0
Illinois,DICAMBA,8,0.0,-0.0
Illinois,DICAMBA,9,0.0,-0.0
Illinois,DICAMBA,10,0.0,-0.0
Illinois,DICAMBA,11,0.0,-0.0
Illinois,DICAMBA,12,0.0,-0.0
Illinois,DICAMBA,13,0.0,-0.0
Illinois,DICAMBA,14,0.0,-0.0
Illinois,DICAMBA,15,0.0,-0.0
Illinois,DICAMBA,16,0.0,0.0
Illinois,DICAMBA,17,0.0,0.0
Illinois,DICAMBA,18,0.0,0.0
Illinois,DICAMBA,19,0.0,0.0
Illinois,DICAMBA,20,0.0,0.0
Illinois,DICAMBA,21,0.0,0.0
Illinois,DICAMBA,22,0.0,0.0
Illinois,DICAMBA,23,0.0,0.0
Illinois,DICAMBA,24,0.0,0.0
Illinois,DICAMBA,25,0.0,0.0
Illinois,DICAMBA,26,0.0,0.0
Illinois,DICAMBA,27,0.0,0.0
Illinois,DICAMBA,28,0.0,0.0
Illinois,DIFLUFENZOPYR,1,0.0,-0.0
Illinois,DIFLUFENZOPYR,2,0.0,-0.0
Illinois,DIFLUFENZOPYR,3,0.0,-0.0
Illinois,DIFLUFENZOPYR,4,0.0,-0.0
Illinois,DIFLUFENZOPYR,5,0.0,-0.0
Illinois,DIFLUFENZOPYR,6,0.0,-0.0
Illinois,DIFLUFENZOPYR,7,0.0,-0.0
Illinois,DIFLUFENZOPYR,8,0.0,-0.0
Illinois,DIFLUFENZOPYR,9,0.0,-0.0
Illinois,DIFLUFENZOPYR,10,0.0,-0.0
Illinois,DIFLUFENZOPYR,11,0.0,-0.0
Illinois,DIFLUFENZOPYR,12,0.0,-0.0
Illinois,DIFLUFENZOPYR,13,0.0,-0.0
Illinois,DIFLUFENZOPYR,14,0.0,-0.0
Illinois,DIFLUFENZOPYR,15,0.0,-0.0
Illinois,DIFLUFENZOPYR,16,0.0,0.0
Illinois,DIFLUFENZOPYR,17,0.0,0.0
Illinois,DIFLUFENZOPYR,18,0.0,0.0
Illinois,DIFLUFENZOPYR,19,0.0,0.0
Illinois,DIFLUFENZOPYR,20,0.0,0.0
Illinois,DIFLUFENZOPYR,21,0.0,0.0
Illinois,DIFLUFENZOPYR,22,0.0,0.0
Illinois,DIFLUFENZOPYR,23,0.0,0.0
Illinois,DIFLUFENZOPYR,24,0.0,0.0
Illinois,DIFLUFENZOPYR,25,0.0,0.0
Illinois,DIFLUFENZOPYR,26,0.0,0.0
Illinois,DIFLUFENZOPYR,27,0.0,0.0
Illinois,DIFLUFENZOPYR,28,0.0,0.0
Illinois,EPTC,1,0.0,-0.0
Illinois,EPTC,2,0.0,-0.0
Illinois,EPTC,3,0.0,-0.0
Illinois,EPTC,4,0.0,-0.0
Illinois,EPTC,5,0.0,-0.0
Illinois,EPTC,6,0.0,-0.0
Illinois,EPTC,7,0.0,-0.0
Illinois,EPTC,8,0.0,-0.0
Illinois,EPTC,9,0.0,-0.0
Illinois,EPTC,10,0.0,-0.0
Illinois,EPTC,11,0.0,-0.0
Illinois,EPTC,12,0.0,-0.0
Illinois,EPTC,13,0.0,-0.0
Illinois,EPTC,14,0.0,-0.0
Illinois,EPTC,15,0.0,-0.0
Illinois,EPTC,16,0.0,-0.0
Illinois,EPTC,17,0.0,-0.0
Illinois,EPTC,18,0.0,-0.0
Illinois,EPTC,19,0.0,-0.0
Illinois,EPTC,20,0.0,-0.0
Illinois,EPTC,21,0.0,-0.0
Illinois,EPTC,22,0.0,-0.0
Illinois,EPTC,23,0.0,-0.0
Illinois,EPTC,24,0.0,-0.0
Illinois,EPTC,25,0.0,-0.0
Illinois,EPTC,26,0.0,-0.0
Illinois,EPTC,27,0.0,-0.0
Illinois,EPTC,28,0.0,-0.0
Illinois,FORAMSULFURON,1,0.0,-0.0
Illinois,FORAMSULFURON,2,0.0,-0.0
Illinois,FORAMSULFURON,3,0.0,-0.0
Illinois,FORAMSULFURON,4,0.0,-0.0
Illinois,FORAMSULFURON,5,0.0,-0.0
Illinois,FORAMSULFURON,6,0.0,-0.0
Illinois,FORAMSULFURON,7,0.0,-0.0
Illinois,FORAMSULFURON,8,0.0,-0.0
Illinois,FORAMSULFURON,9,0.0,0.0
Illinois,FORAMSULFURON,10,0.0,0.0
Illinois,FORAMSULFURON,11,0.0,0.0
Illinois,FORAMSULFURON,12,0.0,0.0
Illinois,FORAMSULFURON,13,0.0,0.0
Illinois,FORAMSULFURON,14,0.0,0.0
Illinois,FORAMSULFURON,15,0.0,0.0
Illinois,FORAMSULFURON,16,0.0,0.0
Illinois,FORAMSULFURON,17,0.0,0.0
Illinois,FORAMSULFURON,18,0.0,0.0
Illinois,FORAMSULFURON,19,0.0,0.0
Illinois,FORAMSULFURON,20,0.0,0.0
Illinois,FORAMSULFURON,21,0.0,0.0
Illinois,FORAMSULFURON,22,0.0,0.0
Illinois,FORAMSULFURON,23,0.0,0.0
Illinois,FORAMSULFURON,24,0.0,0.0
Illinois,FORAMSULFURON,25,0.0,0.0
Illinois,FORAMSULFURON,26,0.0,0.0
Illinois,FORAMSULFURON,27,0.0,0.0
Illinois,FORAMSULFURON,28,0.0,0.0
Illinois,GLYPHOSATE,1,1.0001e-06,4.822439512013594e-07
Illinois,GLYPHOSATE,2,0.0,-0.0
Illinois,GLYPHOSATE,3,0.0,0.0
Illinois,GLYPHOSATE,4,0.0,0.0
Illinois,GLYPHOSATE,5,0.0,-0.0
Illinois,GLYPHOSATE,6,0.0,-0.0
Illinois,GLYPHOSATE,7,0.0,-0.0
Illinois,GLYPHOSATE,8,0.0,-0.0
Illinois,GLYPHOSATE,9,0.0,-0.0
Illinois,GLYPHOSATE,10,0.0,-0.0
Illinois,GLYPHOSATE,11,0.0,-0.0
Illinois,GLYPHOSATE,12,0.0,-0.0
Illinois,GLYPHOSATE,13,0.0,-0.0
Illinois,GLYPHOSATE,14,0.0,-0.0
Illinois,GLYPHOSATE,15,0.0,-0.0
Illinois,GLYPHOSATE,16,0.0,-0.0
Illinois,GLYPHOSATE,17,0.0,-0.0
Illinois,GLYPHOSATE,18,0.0,-0.0
Illinois,GLYPHOSATE,19,0.0,0.0
Illinois,GLYPHOSATE,20,0.0,0.0
Illinois,GLYPHOSATE,21,0.0,0.0
Illinois,GLYPHOSATE,22,0.0,0.0
Illinois,GLYPHOSATE,23,0.0,0.0
Illinois,GLYPHOSATE,24,0.0,0.0
Illinois,GLYPHOSATE,25,0.0,0.0
Illinois,GLYPHOSATE,26,0.0,0.0
Illinois,GLYPHOSATE,27,0.0,0.0
Illinois,GLYPHOSATE,28,0.0,0.0
Illinois,HALOSULFURON,1,0.0,-0.0
Illinois,HALOSULFURON,2,0.0,-0.0
Illinois,HALOSULFURON,3,0.0,-0.0
Illinois,HALOSULFURON,4,0.0,-0.0
Illinois,HALOSULFURON,5,0.0,-0.0
Illinois,HALOSULFURON,6,0.0,-0.0
Illinois,HALOSULFURON,7,0.0,-0.0
Illinois,HALOSULFURON,8,0.0,-0.0
Illinois,HALOSULFURON,9,0.0,-0.0
Illinois,HALOSULFURON,10,0.0,-0.0
Illinois,HALOSULFURON,11,0.0,-0.0
Illinois,HALOSULFURON,12,0.0,-0.0
Illinois,HALOSULFURON,13,0.0,-0.0
Illinois,HALOSULFURON,14,0.0,-0.0
Illinois,HALOSULFURON,15,0.0,-0.0
Illinois,HALOSULFURON,16,0.0,-0.0
Illinois,HALOSULFURON,17,0.0,-0.0
Illinois,HALOSULFURON,18,0.0,-0.0
Illinois,HALOSULFURON,19,0.0,-0.0
Illinois,HALOSULFURON,20,0.0,-0.0
Illinois,HALOSULFURON,21,0.0,-0.0
Illinois,HALOSULFURON,22,0.0,-0.0
Illinois,HALOSULFURON,23,0.0,-0.0
Illinois,HALOSULFURON,24,0.0,-0.0
Illinois,HALOSULFURON,25,0.0,-0.0
Illinois,HALOSULFURON,26,0.0,-0.0
Illinois,HALOSULFURON,27,0.0,-0.0
Illinois,HALOSULFURON,28,0.0,-0.0
Illinois,NICOSULFURON,1,0.0,-0.0
Illinois,NICOSULFURON,2,0.0,-0.0
Illinois,NICOSULFURON,3,0.0,-0.0
Illinois,NICOSULFURON,4,1e-05,1.0
Illinois,NICOSULFURON,5,0.0,-0.0
Illinois,NICOSULFURON,6,1e-05,1.0
Illinois,NICOSULFURON,7,0.0,-0.0
Illinois,NICOSULFURON,8,0.0,-0.0
Illinois,NICOSULFURON,9,0.07024569958716799,1.0
Illinois,NICOSULFURON,10,0.0,-0.0
Illinois,NICOSULFURON,11,0.0,-0.0
Illinois,NICOSULFURON,12,1e-05,1.0
Illinois,NICOSULFURON,13,0.0,-0.0
Illinois,NICOSULFURON,14,1e-05,1.0
Illinois,NICOSULFURON,15,0.0,-0.0
Illinois,NICOSULFURON,16,0.0,-0.0
Illinois,NICOSULFURON,17,1e-05,1.0
Illinois,NICOSULFURON,18,0.0,-0.0
Illinois,NICOSULFURON,19,0.0,-0.0
Illinois,NICOSULFURON,20,0.0,-0.0
Illinois,NICOSULFURON,21,0.0,-0.0
Illinois,NICOSULFURON,22,0.0,-0.0
Illinois,NICOSULFURON,23,0.0,-0.0
Illinois,NICOSULFURON,24,0.0,-0.0
Illinois,NICOSULFURON,25,0.0,-0.0
Illinois,NICOSULFURON,26,0.0,-0.0
Illinois,NICOSULFURON,27,0.0,-0.0
Illinois,NICOSULFURON,28,0.0,-0.0
Illinois,PARAQUAT,1,0.0,-0.0
Illinois,PARAQUAT,2,0.0,-0.0
Illinois,PARAQUAT,3,0.0,-0.0
Illinois,PARAQUAT,4,0.0,0.0
Illinois,PARAQUAT,5,0.0,0.0
Illinois,PARAQUAT,6,0.0,0.0
Illinois,PARAQUAT,7,0.0,0.0
Illinois,PARAQUAT,8,0.0,0.0
Illinois,PARAQUAT,9,0.0,-0.0
Illinois,PARAQUAT,10,0.0,-0.0
Illinois,PARAQUAT,11,0.0,-0.0
Illinois,PARAQUAT,12,0.0,-0.0
Illinois,PARAQUAT,13,0.0,-0.0
Illinois,PARAQUAT,14,0.0,-0.0
Illinois,PARAQUAT,15,0.0,-0.0
Illinois,PARAQUAT,16,0.0,-0.0
Illinois,PARAQUAT,17,0.0,-0.0
Illinois,PARAQUAT,18,0.0,-0.0
Illinois,PARAQUAT,19,0.0,-0.0
Illinois,PARAQUAT,20,0.0,-0.0
Illinois,PARAQUAT,21,0.0,-0.0
Illinois,PARAQUAT,22,0.0,-0.0
Illinois,PARAQUAT,23,0.0,-0.0
Illinois,PARAQUAT,24,0.0,-0.0
Illinois,PARAQUAT,25,0.0,-0.0
Illinois,PARAQUAT,26,0.0,-0.0
Illinois,PARAQUAT,27,0.0,-0.0
Illinois,PARAQUAT,28,0.0,-0.0
Illinois,PENDIMETHALIN,1,0.0,0.0
Illinois,PENDIMETHALIN,2,0.0,0.0
Illinois,PENDIMETHALIN,3,0.0,0.0
Illinois,PENDIMETHALIN,4,0.0,0.0
Illinois,PENDIMETHALIN,5,0.0,0.0
Illinois,PENDIMETHALIN,6,0.0,0.0
Illinois,PENDIMETHALIN,7,0.0,0.0
Illinois,PENDIMETHALIN,8,0.0,0.0
Illinois,PENDIMETHALIN,9,0.0,0.0
Illinois,PENDIMETHALIN,10,0.0,0.0
Illinois,PENDIMETHALIN,11,0.0,0.0
Illinois,PENDIMETHALIN,12,0.0,0.0
Illinois,PENDIMETHALIN,13,0.0,0.0
Illinois,PENDIMETHALIN,14,0.0,0.0
Illinois,PENDIMETHALIN,15,0.0,0.0
Illinois,PENDIMETHALIN,16,0.0,0.0
Illinois,PENDIMETHALIN,17,0.0,0.0
Illinois,PENDIMETHALIN,18,0.0,0.0
Illinois,PENDIMETHALIN,19,0.0,0.0
Illinois,PENDIMETHALIN,20,0.0,0.0
Illinois,PENDIMETHALIN,21,0.0,0.0
Illinois,PENDIMETHALIN,22,0.0,0.0
Illinois,PENDIMETHALIN,23,0.0,0.0
Illinois,PENDIMETHALIN,24,0.0,0.0
Illinois,PENDIMETHALIN,25,0.0,0.0
Illinois,PENDIMETHALIN,26,0.0,0.0
Illinois,PENDIMETHALIN,27,0.0,0.0
Illinois,PENDIMETHALIN,28,0.0,0.0
Iowa,"2,4-D",1,0.0,-0.0
Iowa,"2,4-D",2,0.0,-0.0
Iowa,"2,4-D",3,0.0,-0.0
Iowa,"2,4-D",4,0.0,-0.0
Iowa,"2,4-D",5,0.0,-0.0
Iowa,"2,4-D",6,0.0,-0.0
Iowa,"2,4-D",7,0.0,-0.0
Iowa,"2,4-D",8,0.0,-0.0
Iowa,"2,4-D",9,0.0,-0.0
Iowa,"2,4-D",10,0.0,-0.0
Iowa,"2,4-D",11,0.0,-0.0
Iowa,"2,4-D",12,0.0,-0.0
Iowa,"2,4-D",13,0.0,-0.0
Iowa,"2,4-D",14,0.0,-0.0
Iowa,"2,4-D",15,0.0,-0.0
Iowa,"2,4-D",16,0.0,-0.0
Iowa,"2,4-D",17,0.0,-0.0
Iowa,"2,4-D",18,0.0,-0.0
Iowa,"2,4-D",19,0.0,-0.0
Iowa,"2,4-D",20,0.0,-0.0
Iowa,"2,4-D",21,0.0,-0.0
Iowa,"2,4-D",22,0.0,-0.0
Iowa,"2,4-D",23,0.0,-0.0
Iowa,"2,4-D",24,0.0,-0.0
Iowa,"2,4-D",25,0.0,-0.0
Iowa,"2,4-D",26,0.0,-0.0
Iowa,"2,4-D",27,0.0,-0.0
Iowa,"2,4-D",28,0.0,-0.0
Iowa,ALACHLOR,1,0.0,-0.0
Iowa,ALACHLOR,2,0.0,-0.0
Iowa,ALACHLOR,3,0.0,-0.0
Iowa,ALACHLOR,4,0.0,-0.0
Iowa,ALACHLOR,5,0.0,-0.0
Iowa,ALACHLOR,6,0.0,-0.0
Iowa,ALACHLOR,7,0.0,-0.0
Iowa,ALACHLOR,8,0.0,-0.0
Iowa,ALACHLOR,9,0.0,-0.0
Iowa,ALACHLOR,10,0.0,-0.0
Iowa,ALACHLOR,11,0.0,-0.0
Iowa,ALACHLOR,12,0.0,-0.0
Iowa,ALACHLOR,13,0.0,-0.0
Iowa,ALACHLOR,14,0.0,0.0
Iowa,ALACHLOR,15,0.0,0.0
Iowa,ALACHLOR,16,0.0,0.0
Iowa,ALACHLOR,17,0.0,0.0
Iowa,ALACHLOR,18,0.0,0.0
Iowa,ALACHLOR,19,0.0,0.0
Iowa,ALACHLOR,20,0.0,0.0
Iowa,ALACHLOR,21,0.0,0.0
Iowa,ALACHLOR,22,0.0,0.0
Iowa,ALACHLOR,23,0.0,0.0
Iowa,ALACHLOR,24,0.0,0.0
Iowa,ALACHLOR,25,0.0,0.0
Iowa,ALACHLOR,26,0.0,0.0
Iowa,ALACHLOR,27,0.0,0.0
Iowa,ALACHLOR,28,0.0,0.0
Iowa,ATRAZINE,1,0.0,-0.0
Iowa,ATRAZINE,2,0.0,-0.0
Iowa,ATRAZINE,3,0.0,-0.0
Iowa,ATRAZINE,4,0.0,-0.0
Iowa,ATRAZINE,5,0.0,-0.0
Iowa,ATRAZINE,6,0.0,-0.0
Iowa,ATRAZINE,7,0.0,-0.0
Iowa,ATRAZINE,8,0.0,-0.0
Iowa,ATRAZINE,9,0.0,-0.0
Iowa,ATRAZINE,10,0.0,-0.0
Iowa,ATRAZINE,11,0.0,-0.0
Iowa,ATRAZINE,12,0.0,-0.0
Iowa,ATRAZINE,13,0.0,-0.0
Iowa,ATRAZINE,14,0.0,-0.0
Iowa,ATRAZINE,15,0.0,-0.0
Iowa,ATRAZINE,16,0.0,-0.0
Iowa,ATRAZINE,17,0.0,-0.0
Iowa,ATRAZINE,18,0.0,-0.0
Iowa,ATRAZINE,19,0.0,-0.0
Iowa,ATRAZINE,20,0.0,-0.0
Iowa,ATRAZINE,21,0.0,-0.0
Iowa,ATRAZINE,22,0.0,-0.0
Iowa,ATRAZINE,23,0.0,-0.0
Iowa,ATRAZINE,24,0.0,-0.0
Iowa,ATRAZINE,25,0.0,-0.0
Iowa,ATRAZINE,26,0.0,-0.0
Iowa,ATRAZINE,27,0.0,-0.0
Iowa,ATRAZINE,28,0.0,-0.0
Iowa,BROMOXYNIL,1,0.23414285714285715,1.0
Iowa,BROMOXYNIL,2,0.0,-0.0
Iowa,BROMOXYNIL,3,0.0,-0.0
Iowa,BROMOXYNIL,4,0.0,-0.0
Iowa,BROMOXYNIL,5,0.0,-0.0
Iowa,BROMOXYNIL,6,0.0,-0.0
Iowa,BROMOXYNIL,7,0.0,-0.0
Iowa,BROMOXYNIL,8,0.49,1.0
Iowa,BROMOXYNIL,9,0.0,-0.0
Iowa,BROMOXYNIL,10,0.0,0.0
Iowa,BROMOXYNIL,11,0.0,0.0
Iowa,BROMOXYNIL,12,0.0,0.0
Iowa,BROMOXYNIL,13,0.0,0.0
Iowa,BROMOXYNIL,14,0.0,0.0
Iowa,BROMOXYNIL,15,0.0,0.0
Iowa,BROMOXYNIL,16,0.0,0.0
Iowa,BROMOXYNIL,17,0.0,0.0
Iowa,BROMOXYNIL,18,0.0,0.0
Iowa,BROMOXYNIL,19,0.0,-0.0
Iowa,BROMOXYNIL,20,0.0,0.0
Iowa,BROMOXYNIL,21,0.0,0.0
Iowa,BROMOXYNIL,22,0.0,0.0
Iowa,BROMOXYNIL,23,0.0,-0.0
Iowa,BROMOXYNIL,24,0.0,0.0
Iowa,BROMOXYNIL,25,0.0,0.0
Iowa,BROMOXYNIL,26,0.0,-0.0
Iowa,BROMOXYNIL,27,0.0,-0.0
Iowa,BROMOXYNIL,28,0.0,0.0
Iowa,DICAMBA,1,0.0,-0.0
Iowa,DICAMBA,2,0.0,-0.0
Iowa,DICAMBA,3,0.0,-0.0
Iowa,DICAMBA,4,0.0,-0.0
Iowa,DICAMBA,5,0.0,-0.0
Iowa,DICAMBA,6,0.506,1.0
Iowa,DICAMBA,7,0.0,-0.0
Iowa,DICAMBA,8,0.0,-0.0
Iowa,DICAMBA,9,0.0,-0.0
Iowa,DICAMBA,10,0.0,-0.0
Iowa,DICAMBA,11,0.0,-0.0
Iowa,DICAMBA,12,0.0,-0.0
Iowa,DICAMBA,13,0.0,-0.0
Iowa,DICAMBA,14,0.0,-0.0
Iowa,DICAMBA,15,0.0,-0.0
Iowa,DICAMBA,16,0.0,0.0
Iowa,DICAMBA,17,0.0,0.0
Iowa,DICAMBA,18,0.0,0.0
Iowa,DICAMBA,19,0.0,0.0
Iowa,DICAMBA,20,0.0,0.0
Iowa,DICAMBA,21,0.0,0.0
Iowa,DICAMBA,22,0.0,0.0
Iowa,DICAMBA,23,0.0,0.0
Iowa,DICAMBA,24,0.0,0.0
Iowa,DICAMBA,25,0.0,0.0
Iowa,DICAMBA,26,0.0,0.0
Iowa,DICAMBA,27,0.0,0.0
Iowa,DICAMBA,28,0.0,0.0
Iowa,DIFLUFENZOPYR,1,0.0,-0.0
Iowa,DIFLUFENZOPYR,2,0.0,-0.0
Iowa,DIFLUFENZOPYR,3,0.0,-0.0
Iowa,DIFLUFENZOPYR,4,0.0,-0.0
Iowa,DIFLUFENZOPYR,5,0.0,-0.0
Iowa,DIFLUFENZOPYR,6,0.0,-0.0
Iowa,DIFLUFENZOPYR,7,0.0,-0.0
Iowa,DIFLUFENZOPYR,8,0.0,-0.0
Iowa,DIFLUFENZOPYR,9,0.0,-0.0
Iowa,DIFLUFENZOPYR,10,0.0,-0.0
Iowa,DIFLUFENZOPYR,11,0.0,-0.0
Iowa,DIFLUFENZOPYR,12,0.0,-0.0
Iowa,DIFLUFENZOPYR,13,0.0,-0.0
Iowa,DIFLUFENZOPYR,14,0.0,-0.0
Iowa,DIFLUFENZOPYR,15,0.0,-0.0
Iowa,DIFLUFENZOPYR,16,0.0,0.0
Iowa,DIFLUFENZOPYR,17,0.0,0.0
Iowa,DIFLUFENZOPYR,18,0.0,0.0
Iowa,DIFLUFENZOPYR,19,0.0,0.0
Iowa,DIFLUFENZOPYR,20,0.0,0.0
Iowa,DIFLUFENZOPYR,21,0.0,0.0
Iowa,DIFLUFENZOPYR,22,0.0,0.0
Iowa,DIFLUFENZOPYR,23,0.0,0.0
Iowa,DIFLUFENZOPYR,24,0.0,0.0
Iowa,DIFLUFENZOPYR,25,0.0,0.0
Iowa,DIFLUFENZOPYR,26,0.0,0.0
Iowa,DIFLUFENZOPYR,27,0.0,0.0
Iowa,DIFLUFENZOPYR,28,0.0,0.0
Iowa,EPTC,1,0.0,-0.0
Iowa,EPTC,2,0.0,-0.0
Iowa,EPTC,3,0.0,-0.0
Iowa,EPTC,4,0.0,-0.0
Iowa,EPTC,5,0.0,-0.0
Iowa,EPTC,6,0.0,-0.0
Iowa,EPTC,7,0.0,-0.0
Iowa,EPTC,8,0.0,-0.0
Iowa,EPTC,9,0.0,-0.0
Iowa,EPTC,10,0.0,-0.0
Iowa,EPTC,11,0.0,-0.0
Iowa,EPTC,12,0.0,-0.0
Iowa,EPTC,13,0.0,-0.0
Iowa,EPTC,14,0.0,-0.0
Iowa,EPTC,15,0.0,-0.0
Iowa,EPTC,16,0.0,-0.0
Iowa,EPTC,17,0.0,-0.0
Iowa,EPTC,18,0.0,-0.0
Iowa,EPTC,19,0.0,-0.0
Iowa,EPTC,20,0.0,-0.0
Iowa,EPTC,21,0.0,-0.0
Iowa,EPTC,22,0.0,-0.0
Iowa,EPTC,23,0.0,-0.0
Iowa,EPTC,24,0.0,-0.0
Iowa,EPTC,25,0.0,-0.0
Iowa,EPTC,26,0.0,-0.0
Iowa,EPTC,27,0.0,-0.0
Iowa,EPTC,28,0.0,-0.0
Iowa,FORAMSULFURON,1,0.0,0.0
Iowa,FORAMSULFURON,2,0.0,0.0
Iowa,FORAMSULFURON,3,0.0,0.0
Iowa,FORAMSULFURON,4,0.0,0.0
Iowa,FORAMSULFURON,5,0.0,0.0
Iowa,FORAMSULFURON,6,0.0,0.0
Iowa,FORAMSULFURON,7,0.0,0.0
Iowa,FORAMSULFURON,8,0.0,0.0
Iowa,FORAMSULFURON,9,0.0,0.0
Iowa,FORAMSULFURON,10,0.0,0.0
Iowa,FORAMSULFURON,11,0.0,0.0
Iowa,FORAMSULFURON,12,0.0,0.0
Iowa,FORAMSULFURON,13,0.0,0.0
Iowa,FORAMSULFURON,14,0.0,0.0
Iowa,FORAMSULFURON,15,0.0,0.0
Iowa,FORAMSULFURON,16,0.0,0.0
Iowa,FORAMSULFURON,17,0.0,0.0
Iowa,FORAMSULFURON,18,0.0,0.0
Iowa,FORAMSULFURON,19,0.0,0.0
Iowa,FORAMSULFURON,20,0.0,0.0
Iowa,FORAMSULFURON,21,0.0,0.0
Iowa,FORAMSULFURON,22,0.0,0.0
Iowa,FORAMSULFURON,23,0.0,0.0
Iowa,FORAMSULFURON,24,0.0,0.0
Iowa,FORAMSULFURON,25,0.0,0.0
Iowa,FORAMSULFURON,26,0.0,0.0
Iowa,FORAMSULFURON,27,0.0,0.0
Iowa,FORAMSULFURON,28,0.0,0.0
Iowa,GLYPHOSATE,1,0.0,-0.0
Iowa,GLYPHOSATE,2,0.0,-0.0
Iowa,GLYPHOSATE,3,0.0,-0.0
Iowa,GLYPHOSATE,4,0.0,-0.0
Iowa,GLYPHOSATE,5,0.0,-0.0
Iowa,GLYPHOSATE,6,0.0,-0.0
Iowa,GLYPHOSATE,7,0.0,-0.0
Iowa,GLYPHOSATE,8,0.0,-0.0
Iowa,GLYPHOSATE,9,0.0,-0.0
Iowa,GLYPHOSATE,10,0.0,-0.0
Iowa,GLYPHOSATE,11,0.0,-0.0
Iowa,GLYPHOSATE,12,0.0,-0.0
Iowa,GLYPHOSATE,13,0.0,-0.0
Iowa,GLYPHOSATE,14,0.0,-0.0
Iowa,GLYPHOSATE,15,0.0,-0.0
Iowa,GLYPHOSATE,16,0.0,-0.0
Iowa,GLYPHOSATE,17,0.0,-0.0
Iowa,GLYPHOSATE,18,0.0,-0.0
Iowa,GLYPHOSATE,19,0.0,0.0
Iowa,GLYPHOSATE,20,0.0,0.0
Iowa,GLYPHOSATE,21,0.0,0.0
Iowa,GLYPHOSATE,22,0.0,0.0
Iowa,GLYPHOSATE,23,0.0,0.0
Iowa,GLYPHOSATE,24,0.0,0.0
Iowa,GLYPHOSATE,25,0.0,0.0
Iowa,GLYPHOSATE,26,0.0,0.0
Iowa,GLYPHOSATE,27,0.0,0.0
Iowa,GLYPHOSATE,28,0.0,0.0
Iowa,HALOSULFURON,1,0.0,-0.0
Iowa,HALOSULFURON,2,0.0,-0.0
Iowa,HALOSULFURON,3,0.0,-0.0
Iowa,HALOSULFURON,4,0.0,-0.0
Iowa,HALOSULFURON,5,0.0,-0.0
Iowa,HALOSULFURON,6,0.0,-0.0
Iowa,HALOSULFURON,7,0.0,-0.0
Iowa,HALOSULFURON,8,0.0,-0.0
Iowa,HALOSULFURON,9,0.0,-0.0
Iowa,HALOSULFURON,10,0.0,-0.0
Iowa,HALOSULFURON,11,0.0,-0.0
Iowa,HALOSULFURON,12,0.0,-0.0
Iowa,HALOSULFURON,13,0.0,-0.0
Iowa,HALOSULFURON,14,0.0,-0.0
Iowa,HALOSULFURON,15,0.0,-0.0
Iowa,HALOSULFURON,16,0.0,-0.0
Iowa,HALOSULFURON,17,0.0,-0.0
Iowa,HALOSULFURON,18,0.0,-0.0
Iowa,HALOSULFURON,19,0.0,-0.0
Iowa,HALOSULFURON,20,0.0,-0.0
Iowa,HALOSULFURON,21,0.0,-0.0
Iowa,HALOSULFURON,22,0.0,-0.0
Iowa,HALOSULFURON,23,0.0,-0.0
Iowa,HALOSULFURON,24,0.0,-0.0
Iowa,HALOSULFURON,25,0.0,-0.0
Iowa,HALOSULFURON,26,0.0,-0.0
Iowa,HALOSULFURON,27,0.0,-0.0
Iowa,HALOSULFURON,28,0.0,-0.0
Iowa,NICOSULFURON,1,0.0,-0.0
Iowa,NICOSULFURON,2,0.0,-0.0
Iowa,NICOSULFURON,3,0.0,-0.0
Iowa,NICOSULFURON,4,0.0,-0.0
Iowa,NICOSULFURON,5,0.0,-0.0
Iowa,NICOSULFURON,6,0.0,-0.0
Iowa,NICOSULFURON,7,0.0,-0.0
Iowa,NICOSULFURON,8,0.0,-0.0
Iowa,NICOSULFURON,9,0.0,-0.0
Iowa,NICOSULFURON,10,0.0,-0.0
Iowa,NICOSULFURON,11,0.0,-0.0
Iowa,NICOSULFURON,12,0.0,-0.0
Iowa,NICOSULFURON,13,0.0,-0.0
Iowa,NICOSULFURON,14,0.0,-0.0
Iowa,NICOSULFURON,15,0.0,-0.0
Iowa,NICOSULFURON,16,0.0,-0.0
Iowa,NICOSULFURON,17,0.0,-0.0
Iowa,NICOSULFURON,18,0.0,-0.0
Iowa,NICOSULFURON,19,0.0,-0.0
Iowa,NICOSULFURON,20,0.0,-0.0
Iowa,NICOSULFURON,21,0.0,-0.0
Iowa,NICOSULFURON,22,0.0,-0.0
Iowa,NICOSULFURON,23,0.0,-0.0
Iowa,NICOSULFURON,24,0.0,-0.0
Iowa,NICOSULFURON,25,0.0,-0.0
Iowa,NICOSULFURON,26,0.0,-0.0
Iowa,NICOSULFURON,27,0.0,-0.0
Iowa,NICOSULFURON,28,0.0,-0.0
Iowa,PARAQUAT,1,0.0,-0.0
Iowa,PARAQUAT,2,0.0,-0.0
Iowa,PARAQUAT,3,0.0,-0.0
Iowa,PARAQUAT,4,0.0,0.0
Iowa,PARAQUAT,5,0.0,0.0
Iowa,PARAQUAT,6,0.0,0.0
Iowa,PARAQUAT,7,0.0,0.0
Iowa,PARAQUAT,8,0.0,0.0
Iowa,PARAQUAT,9,0.0,-0.0
Iowa,PARAQUAT,10,0.0,-0.0
Iowa,PARAQUAT,11,0.0,-0.0
Iowa,PARAQUAT,12,0.0,-0.0
Iowa,PARAQUAT,13,0.0,-0.0
Iowa,PARAQUAT,14,0.0,-0.0
Iowa,PARAQUAT,15,0.0,-0.0
Iowa,PARAQUAT,16,0.0,-0.0
Iowa,PARAQUAT,17,0.0,-0.0
Iowa,PARAQUAT,18,0.0,-0.0
Iowa,PARAQUAT,19,0.0,-0.0
Iowa,PARAQUAT,20,0.0,-0.0
Iowa,PARAQUAT,21,0.0,-0.0
Iowa,PARAQUAT,22,0.0,-0.0
Iowa,PARAQUAT,23,0.0,-0.0
Iowa,PARAQUAT,24,0.0,-0.0
Iowa,PARAQUAT,25,0.0,-0.0
Iowa,PARAQUAT,26,0.0,-0.0
Iowa,PARAQUAT,27,0.0,-0.0
Iowa,PARAQUAT,28,0.0,-0.0
Iowa,PENDIMETHALIN,1,0.0,-0.0
Iowa,PENDIMETHALIN,2,0.0,-0.0
Iowa,PENDIMETHALIN,3,0.0,-0.0
Iowa,PENDIMETHALIN,4,0.0,-0.0
Iowa,PENDIMETHALIN,5,0.0,-0.0
Iowa,PENDIMETHALIN,6,0.0,-0.0
Iowa,PENDIMETHALIN,7,0.0,-0.0
Iowa,PENDIMETHALIN,8,0.0,-0.0
Iowa,PENDIMETHALIN,9,0.0,-0.0
Iowa,PENDIMETHALIN,10,0.0,-0.0
Iowa,PENDIMETHALIN,11,0.0,-0.0
Iowa,PENDIMETHALIN,12,0.0,-0.0
Iowa,PENDIMETHALIN,13,0.0,-0.0
Iowa,PENDIMETHALIN,14,0.0,-0.0
Iowa,PENDIMETHALIN,15,0.0,-0.0
Iowa,PENDIMETHALIN,16,0.0,-0.0
Iowa,PENDIMETHALIN,17,0.0,-0.0
Iowa,PENDIMETHALIN,18,0.0,-0.0
Iowa,PENDIMETHALIN,19,0.0,-0.0
Iowa,PENDIMETHALIN,20,0.0,-0.0
Iowa,PENDIMETHALIN,21,0.0,-0.0
Iowa,PENDIMETHALIN,22,0.0,-0.0
Iowa,PENDIMETHALIN,23,0.0,-0.0
Iowa,PENDIMETHALIN,24,0.0,-0.0
Iowa,PENDIMETHALIN,25,0.0,-0.0
Iowa,PENDIMETHALIN,26,0.0,-0.0
Iowa,PENDIMETHALIN,27,0.0,-0.0
Iowa,PENDIMETHALIN,28,0.0,-0.0
